Workbook

Sheet Общий итог
A1: Юля, фасады, выборка 90 градусов — общий итог
A3: Цвет | B3: Размерных строк | C3: Деталей | D3: Площадь, м²
A4: NCS S 6010-R90B | B4: 22 | C4: ='6010-R90B'!B5 -> 35 | D4: ='6010-R90B'!B6 -> 11.903932
A5: NCS S 1000-N | B5: 11 | C5: ='1000-N'!B5 -> 21 | D5: ='1000-N'!B6 -> 5.774914
A6: Весь заказ | B6: 33 | C6: =SUM(C4:C5) -> 56 | D6: =SUM(D4:D5) -> 17.678846
A8: Итог по типу деталей
A9: Тип | B9: Размерных строк | C9: Деталей | D9: Площадь, м²
A10: Фрезерованная выборка | B10: =COUNTIF('6010-R90B'!B9:B30,"Выборка")+COUNTIF('1000-N'!B9:B19,"Выборка") -> 15 | C10: =SUMIF('6010-R90B'!B9:B30,"Выборка",'6010-R90B'!F9:F30)+SUMIF('1000-N'!B9:B19,"Выборка",'1000-N'!F9:F19) -> 32 | D10: =SUMIF('6010-R90B'!B9:B30,"Выборка",'6010-R90B'!H9:H30)+SUMIF('1000-N'!B9:B19,"Выборка",'1000-N'!H9:H19) -> 10.26279
A11: Модерн | B11: =COUNTIF('6010-R90B'!B9:B30,"Модерн")+COUNTIF('1000-N'!B9:B19,"Модерн") -> 16 | C11: =SUMIF('6010-R90B'!B9:B30,"Модерн",'6010-R90B'!F9:F30)+SUMIF('1000-N'!B9:B19,"Модерн",'1000-N'!F9:F19) -> 18 | D11: =SUMIF('6010-R90B'!B9:B30,"Модерн",'6010-R90B'!H9:H30)+SUMIF('1000-N'!B9:B19,"Модерн",'1000-N'!H9:H19) -> 4.239812
A12: Витрина | B12: =COUNTIF('6010-R90B'!B9:B30,"Витрина")+COUNTIF('1000-N'!B9:B19,"Витрина") -> 2 | C12: =SUMIF('6010-R90B'!B9:B30,"Витрина",'6010-R90B'!F9:F30)+SUMIF('1000-N'!B9:B19,"Витрина",'1000-N'!F9:F19) -> 6 | D12: =SUMIF('6010-R90B'!B9:B30,"Витрина",'6010-R90B'!H9:H30)+SUMIF('1000-N'!B9:B19,"Витрина",'1000-N'!H9:H19) -> 3.176244
A13: Весь заказ | B13: =SUM(B10:B12) -> 33 | C13: =SUM(C10:C12) -> 56 | D13: =SUM(D10:D12) -> 17.678846
A15: СТОИМОСТЬ РАБОТ
A16: Тип | B16: Площадь, м² | C16: Ставка, ₸/м² | D16: Сумма, ₸ | E16: Статус
A17: Выборка 90° | B17: =D10 -> 10.26279 | C17: 33000 | D17: =B17*C17 -> 338672.07 | E17: Рассчитано
A18: Модерн | B18: =D11 -> 4.239812 | C18: 26000 | D18: =B18*C18 -> 110235.11 | E18: Рассчитано
A19: Витрина | B19: =D12 -> 3.176244 | C19: 35000 | D19: =B19*C19 -> 111168.54 | E19: Рассчитано
A20: Итого по заданным ставкам | D20: =SUM(D17:D19) -> 560075.72 | E20: Все типы включены
A21: Полная стоимость заказа | D21: =SUM(D17:D19) -> 560075.72 | E21: Рассчитано
A23: РАСХОД И СТОИМОСТЬ ГРУНТА И КРАСКИ
A24: Материал | B24: Тип деталей | C24: Площадь, м² | D24: Норма, кг/м² | E24: Расход, кг | F24: Цена, ₸/кг | G24: Стоимость, ₸
A25: Краска | B25: Модерн | C25: =D11 -> 4.239812 | D25: 0.3 | E25: =C25*D25 -> 1.2719436 | F25: 12000 | G25: =E25*F25 -> 15263.323
A26: Краска | B26: Выборка 90° | C26: =D10 -> 10.26279 | D26: 0.3 | E26: =C26*D26 -> 3.078837 | F26: 12000 | G26: =E26*F26 -> 36946.044
A27: Краска | B27: Витрина | C27: =D12 -> 3.176244 | D27: 0.3 | E27: =C27*D27 -> 0.9528732 | F27: 12000 | G27: =E27*F27 -> 11434.478
A28: Краска — итого | C28: =SUM(C25:C27) -> 17.678846 | E28: =SUM(E25:E27) -> 5.3036538 | G28: =SUM(G25:G27) -> 63643.846
A30: Грунт | B30: Модерн | C30: =D11 -> 4.239812 | D30: 0.3 | E30: =C30*D30 -> 1.2719436 | F30: 5000 | G30: =E30*F30 -> 6359.718
A31: Грунт | B31: Выборка 90° | C31: =D10 -> 10.26279 | D31: 0.6 | E31: =C31*D31 -> 6.157674 | F31: 5000 | G31: =E31*F31 -> 30788.37
A32: Грунт | B32: Витрина | C32: =D12 -> 3.176244 | D32: 0.6 | E32: =C32*D32 -> 1.9057464 | F32: 5000 | G32: =E32*F32 -> 9528.732
A33: Грунт — итого | C33: =SUM(C30:C32) -> 17.678846 | E33: =SUM(E30:E32) -> 9.335364 | G33: =SUM(G30:G32) -> 46676.82
A35: Стоимость ЛКМ | G35: =G28+G33 -> 110320.67
A36: Стоимость работ + ЛКМ | G36: =D21+G35 -> 670396.39
A38: Принято для расчёта: витрины считаются по норме грунта для выборки — 0,600 кг/м², так как в деталях есть выборка под стекло.
A39: Источник норм: Реестр норм расхода Малярка — Google Drive
A40: https://docs.google.com/document/d/1JNChytotc_FnYacu0NHB4F_AVJ1WfvIBxDKvOsq_2RQ

Sheet 6010-R90B
A1: Юля, фасады, выборка 90 градусов — NCS S 6010-R90B
D2: ВЕСЬ ЗАКАЗ
A3: Материал | B3: МДФ 16 мм | D3: Общее количество деталей | H3: ='Общий итог'!C6 -> 56
A4: Расчёт | B4: Одна лицевая плоскость | D4: Общая квадратура, м² | H4: ='Общий итог'!D6 -> 17.678846
A5: Количество деталей | B5: =SUM(F9:F30) -> 35 | D5: Фрезерованная выборка, м² | H5: ='Общий итог'!D10 -> 10.26279
A6: Общая площадь, м² | B6: =SUM(H9:H30) -> 11.903932 | D6: Модерн, м² | H6: ='Общий итог'!D11 -> 4.239812
D7: Витрина, м² | H7: ='Общий итог'!D12 -> 3.176244
A8: № | B8: Тип | C8: Высота, мм | D8: Ширина, мм | E8: Толщина, мм | F8: Количество | G8: м² за 1 шт. | H8: Всего, м² | I8: Примечание
A9: 1 | B9: Выборка | C9: 608 | D9: 598 | E9: 16 | F9: 4 | G9: =C9*D9/1000000 -> 0.363584 | H9: =G9*F9 -> 1.454336
A10: 2 | B10: Выборка | C10: 442 | D10: 598 | E10: 16 | F10: 1 | G10: =C10*D10/1000000 -> 0.264316 | H10: =G10*F10 -> 0.264316
A11: 3 | B11: Выборка | C11: 358 | D11: 598 | E11: 16 | F11: 1 | G11: =C11*D11/1000000 -> 0.214084 | H11: =G11*F11 -> 0.214084
A12: 4 | B12: Выборка | C12: 718 | D12: 598 | E12: 16 | F12: 2 | G12: =C12*D12/1000000 -> 0.429364 | H12: =G12*F12 -> 0.858728
A13: 5 | B13: Выборка | C13: 1068 | D13: 598 | E13: 16 | F13: 2 | G13: =C13*D13/1000000 -> 0.638664 | H13: =G13*F13 -> 1.277328
A14: 6 | B14: Выборка | C14: 1028 | D14: 598 | E14: 16 | F14: 1 | G14: =C14*D14/1000000 -> 0.614744 | H14: =G14*F14 -> 0.614744
A15: 7 | B15: Выборка | C15: 718 | D15: 198 | E15: 16 | F15: 2 | G15: =C15*D15/1000000 -> 0.142164 | H15: =G15*F15 -> 0.284328
A16: 8 | B16: Выборка | C16: 358 | D16: 858 | E16: 16 | F16: 1 | G16: =C16*D16/1000000 -> 0.307164 | H16: =G16*F16 -> 0.307164
A17: 9 | B17: Выборка | C17: 178 | D17: 858 | E17: 16 | F17: 2 | G17: =C17*D17/1000000 -> 0.152724 | H17: =G17*F17 -> 0.305448
A18: 10 | B18: Модерн | C18: 147 | D18: 200 | E18: 16 | F18: 1 | G18: =C18*D18/1000000 -> 0.0294 | H18: =G18*F18 -> 0.0294
A19: 11 | B19: Модерн | C19: 147 | D19: 2510 | E19: 16 | F19: 1 | G19: =C19*D19/1000000 -> 0.36897 | H19: =G19*F19 -> 0.36897
A20: 12 | B20: Модерн | C20: 147 | D20: 700 | E20: 16 | F20: 1 | G20: =C20*D20/1000000 -> 0.1029 | H20: =G20*F20 -> 0.1029
... A27: 19 | B27: Витрина | C27: 498 | D27: 498 | E27: 16 | F27: 3 | G27: =C27*D27/1000000 -> 0.248004 | H27: =G27*F27 -> 0.744012
A28: 20 | B28: Витрина | C28: 1628 | D28: 498 | E28: 16 | F28: 3 | G28: =C28*D28/1000000 -> 0.810744 | H28: =G28*F28 -> 2.432232 | I28: Выборка под стекло с задней стороны: глубина 10 мм, отступ от наружного края 20 мм.
A29: 21 | B29: Модерн | C29: 2230 | D29: 450 | E29: 16 | F29: 2 | G29: =C29*D29/1000000 -> 1.0035 | H29: =G29*F29 -> 2.007 | I29: Подкрас с обратной стороны: 100 мм по одной длине.
A30: 22 | B30: Модерн | C30: 97 | D30: 1500 | E30: 16 | F30: 1 | G30: =C30*D30/1000000 -> 0.1455 | H30: =G30*F30 -> 0.1455
A32: Итого деталей | B32: =SUM(F9:F30) -> 35
A33: Итого площадь, м² | B33: =SUM(H9:H30) -> 11.903932

Sheet 1000-N
A1: Юля, фасады, выборка 90 градусов — NCS S 1000-N
D2: ВЕСЬ ЗАКАЗ
A3: Материал | B3: МДФ 16 мм | D3: Общее количество деталей | H3: ='Общий итог'!C6 -> 56
A4: Расчёт | B4: Одна лицевая плоскость | D4: Общая квадратура, м² | H4: ='Общий итог'!D6 -> 17.678846
A5: Количество деталей | B5: =SUM(F9:F19) -> 21 | D5: Фрезерованная выборка, м² | H5: ='Общий итог'!D10 -> 10.26279
A6: Общая площадь, м² | B6: =SUM(H9:H19) -> 5.774914 | D6: Модерн, м² | H6: ='Общий итог'!D11 -> 4.239812
D7: Витрина, м² | H7: ='Общий итог'!D12 -> 3.176244
A8: № | B8: Тип | C8: Высота, мм | D8: Ширина, мм | E8: Толщина, мм | F8: Количество | G8: м² за 1 шт. | H8: Всего, м² | I8: Примечание
A9: 1 | B9: Выборка | C9: 718 | D9: 448 | E9: 16 | F9: 4 | G9: =C9*D9/1000000 -> 0.321664 | H9: =G9*F9 -> 1.286656
A10: 2 | B10: Выборка | C10: 718 | D10: 598 | E10: 16 | F10: 3 | G10: =C10*D10/1000000 -> 0.429364 | H10: =G10*F10 -> 1.288092
A11: 3 | B11: Выборка | C11: 718 | D11: 553 | E11: 16 | F11: 1 | G11: =C11*D11/1000000 -> 0.397054 | H11: =G11*F11 -> 0.397054
A12: 4 | B12: Выборка | C12: 358 | D12: 898 | E12: 16 | F12: 2 | G12: =C12*D12/1000000 -> 0.321484 | H12: =G12*F12 -> 0.642968
A13: 5 | B13: Выборка | C13: 178 | D13: 898 | E13: 16 | F13: 4 | G13: =C13*D13/1000000 -> 0.159844 | H13: =G13*F13 -> 0.639376
A14: 6 | B14: Выборка | C14: 358 | D14: 598 | E14: 16 | F14: 2 | G14: =C14*D14/1000000 -> 0.214084 | H14: =G14*F14 -> 0.428168
A15: 7 | B15: Модерн | C15: 718 | D15: 50 | E15: 16 | F15: 1 | G15: =C15*D15/1000000 -> 0.0359 | H15: =G15*F15 -> 0.0359
A16: 8 | B16: Модерн | C16: 718 | D16: 100 | E16: 16 | F16: 1 | G16: =C16*D16/1000000 -> 0.0718 | H16: =G16*F16 -> 0.0718
A17: 9 | B17: Модерн | C17: 147 | D17: 2750 | E17: 16 | F17: 1 | G17: =C17*D17/1000000 -> 0.40425 | H17: =G17*F17 -> 0.40425
A18: 10 | B18: Модерн | C18: 147 | D18: 2700 | E18: 16 | F18: 1 | G18: =C18*D18/1000000 -> 0.3969 | H18: =G18*F18 -> 0.3969
A19: 11 | B19: Модерн | C19: 147 | D19: 1250 | E19: 16 | F19: 1 | G19: =C19*D19/1000000 -> 0.18375 | H19: =G19*F19 -> 0.18375
A21: Итого деталей | B21: =SUM(F9:F19) -> 21
A22: Итого площадь, м² | B22: =SUM(H9:H19) -> 5.774914
